{"cameraMode":{"drawMode":2,"name":"Shaded Wireframe","section":"Shading Mode"},"sceneLighting":true,"audioPlay":false,"sceneViewState":{"showFog":true,"showMaterialUpdate":false,"showSkybox":true,"showFlares":true,"showImageEffects":true,"showParticleSystems":true},"in2DMode":false,"pivot":{"x":39.62175750732422,"y":0.6609163284301758,"z":-4.0885443687438969},"rotation":{"x":0.07167620956897736,"y":0.7360290884971619,"z":-0.07891661673784256,"w":0.668502688407898},"size":61.431793212890628,"orthographic":false}